<API>

<Member name="ISchemaRegistryClient_MaxCachedSchemas">
    <summary>
        The maximum capacity of the local schema cache.
    </summary>
</Member>
  
<Member name="ISchemaRegistryClient_RegisterSchemaAsync">  
    <summary>
        Register a schema or get the schema id if it's already 
        registered.
    </summary>
    <param name="subject">
        The subject to register the schema against.
    </param>
    <param name="schema">
        The schema to register.
    </param>
    <returns>
        A unique id identifying the schema.
    </returns>
</Member>

<Member name="ISchemaRegistryClient_GetSchemaIdAsync">
    <summary>
      Get the unique id of the specified schema registered against 
      the specified subject.
    </summary>
    <param name="subject">
      The subject the schema is registered against.
    </param>
    <param name="schema">
      The schema to get the id for.
    </param>
    <returns>
      The unique id identifying the schema.
    </returns>
    <exception cref="SchemaRegistryException">
      Thrown if the schema is not registered against the subject.
    </exception>
</Member>

<Member name="ISchemaRegistryClient_GetSchemaAsync">
    <summary>
        Gets the schema uniquely identified by <paramref name="id" />.
    </summary>
    <param name="id">
        The unique id of schema to get.
    </param>
    <returns>
        The schema identified by <paramref name="id" />.
    </returns>
</Member>

<Member name="ISchemaRegistryClient_GetSchemaAsyncSubjectVersion">
    <summary>
        Gets a schema given a <paramref name="subject" /> and <paramref name="version" /> number.
    </summary>
    <param name="subject">
        The subject to get the schema for.
    </param>
    <param name="version">
        The version number of schema to get.
    </param>
    <returns>
        The schema identified by the specified <paramref name="subject" /> and <paramref name="version" />.
    </returns>
</Member>

<Member name="ISchemaRegistryClient_GetLatestSchemaAsync">
    <summary>
        Get the latest schema registered against the specified <paramref name="subject" />.
    </summary>
    <param name="subject">
        The subject to get the latest associated schema for.
    </param>
    <returns>
        The latest schema registred against <paramref name="subject" />.
    </returns>
</Member>

<Member name="ISchemaRegistryClient_GetAllSubjectsAsync">
    <summary>
        Gets a list of all subjects with registered schemas.
    </summary>
    <returns>
        A list of all subjects with registered schemas.
    </returns>
</Member>

<Member name="ISchemaRegistryClient_IsCompatibleAsync">
    <summary>
        Check if a schema is compatible with latest version registered against a 
        specified subject.
    </summary>
    <param name="subject">
        The subject to check.
    </param>
    <param name="schema">
        The schema to check.
    </param>
    <returns>
        true if <paramref name="schema" /> is compatible with the latest version 
        registered against a specified subject, false otherwise.
    </returns>
</Member>

<Member name="ISchemaRegistryClient_ConstructKeySubjectName">
    <summary>
        Returns the schema registry key subject name given a topic name.
    </summary>
    <param name="topic">
        The topic name.
    </param>
    <returns>
        The key subject name given a topic name.
    </returns>
</Member>

<Member name="ISchemaRegistryClient_ConstructValueSubjectName">
    <summary>
        Returns the schema registry value subject name given a topic name.
    </summary>
    <param name="topic">
        The topic name.
    </param>
    <returns>
        The value subject name given a topic name.
    </returns>
</Member>

</API>
